{"cameraMode":{"drawMode":0,"name":"Shaded","section":"Shading Mode"},"sceneLighting":true,"audioPlay":false,"sceneViewState":{"m_AlwaysRefresh":true,"showFog":true,"showSkybox":true,"showFlares":true,"showImageEffects":true,"showParticleSystems":true,"showVisualEffectGraphs":true,"m_FxEnabled":true},"in2DMode":false,"pivot":{"x":0.6790853142738342,"y":-0.47200408577919009,"z":1.7891920804977418},"rotation":{"x":0.12558965384960175,"y":0.017547864466905595,"z":-0.0018759415252134204,"w":0.9914043545722961},"size":1.7033796310424805,"orthographic":false}