{"cameraMode":{"drawMode":0,"name":"Shaded","section":"Shading Mode"},"sceneLighting":true,"audioPlay":false,"sceneViewState":{"m_AlwaysRefresh":true,"showFog":true,"showSkybox":true,"showFlares":true,"showImageEffects":true,"showParticleSystems":true,"showVisualEffectGraphs":true,"m_FxEnabled":true},"in2DMode":false,"pivot":{"x":0.6402755379676819,"y":0.8792997598648071,"z":-3.9064555168151857},"rotation":{"x":-0.10699167102575302,"y":-0.024328935891389848,"z":0.002631966257467866,"w":-0.9938798546791077},"size":0.9999999403953552,"orthographic":false}